,short_description
0,boom found imran khan critic govern india current regim anti muslim pakistan
1,peopl sikh commun set set set photograph show soot hindi sign board video go viral
2,post share larg number pictur claim social media platform facebook twitter
3,claim bjp leader admit govern wrong public
4,media outlet wire agenc incorrectli claim former pakistan diplomat kill death balakot
5,share pictur user claim pictur mosqu platform old delhi railway station
6,boom found origin pictur year amit shah congratul prime minist narendra modi
7,boom found viral pictur commit year unnao uttar pradesh
8,claim appli vaccin kovid peni give relief viru soon
9,claim viral british prime minist cancel tour india due peasant movement
10,claim pictur show tent farmer collect boundari delhi larg number
11,claim video show prepar parad held januari peasant movement
12,mani news institut includ zee news abp hindi newspap magazin news channel yogi adityanath paid content
13,munawwar farooqui arrest make alleg indec remark hindu deiti amit shah show indor
14,claim muslim demonstr templ demolish miscreant pakistan
15,claim social media viral old man fall dead
16,boom found video india
17,claim tower jio burnt farmer
18,claim amit shah ask build ram templ narendra modi claim kill muslim farmer
19,claim pictur rss camp pictur anna hazar narendra modi pictur
20,claim pictur show atal bihari vajpay mother lap
21,recent pictur share social media platform connect pictur varanasi
22,claim price platform ticket increa ten time adani group goe hand adani group
23,claim video yesterday stone pelt done ujjain today scene hindu
24,video claim ceremoni took place mukesh ambani hou kovid epidem
25,claim hindu woman name ismail kill asha hubli karnataka
26,along pictur claim social media surat singh given food water farmer
27,connect peasant movement user share pictur pay tribut social media
28,claim made social media pictur templ pictur ayodhya
29,accord claim social media gurdwara samiti delib remov rug prime minist walk cold
30,talk ajit anjum find truth viral video read report boom
31,aam aadmi parti share video clip bidhuri realiti articl
32,accord claim social media bilki bano jail day
33,boom found viral video year belong incid darjeel
34,claim policeman shot mother muslim youth got bike delhi polic policeman car
35,boom found pictur start launch bangalor
36,although glass bridg definit built rajgir bihar viral pictur bridg
37,boom found viral pictur belong farmer movement anti caa perform kerala februari
38,boom found person seen video clip pakistani journalist motiv speaker india harshvardhan
39,accord viral claim social media name ahmedabad airport becom adani airport sardar vallabhbhai patel
40,amidst recent farmer perform pictur viral claim prime minist gautam adani wife bow
41,boom found pictur narendra modi attend wed alpa chapatwala daughter former gujarat minist
42,claim pictur show around million peopl come support peasant movement
43,adani wilmar brand actual part brand locomot help railway earn revenu
44,video claim explain real mean salut lovejihad woman
45,claim farmer beat bjp leader umesh singh rai slogan pakistan zindabad
46,viral pictur big mace bow arrow seen middl squar
47,boom found viral pictur made use edit app facil
48,claim pictur current vandal opposit parti bharat bandh bharat bandh
49,claim pictur current time ongo peasant movement
50,boom spoke indian armi spokesman colonel aman anand term claim fake
51,claim pictur ongo peasant movement agricultur act
52,boom found viral clip protest insult scriptur kashmiri sikh octob
53,claim punjab chief minist mukesh ambani met day bharat bandh
54,claim due kisan movement delhi chalo march km long jam nation capit
55,twitter facebook claim soldier sikh regiment resign
56,claim split due farmer movement bjp
57,boom found pictur guru gobind singh jayanti celebr mumbai hrithik roshan attend
58,boom talk ravish found made appeal
59,claim protest citizenship amend act also involv peasant movement
60,claim user tri show statu farmer video
61,claim peasant movement khalistan movement connect among
62,claim farmer insult tricolor farmer movement pictur
63,boom found pictur taken brick factori fatullah bangladesh
64,claim peopl american farmer left honeymoon attend demonstr
65,boom contact person sing song video confirm video record
66,prime minist action secur forc demonstr farmer issu new agricultur law central govern
67,claim made viral video say aap parti jihadi mental see ground report understand peasant movement
68,claim farmer perform pictur carri banner lord ram
69,talk sukhdev singh boom identifi old farmer sukhdev singh told arm back
70,claim today nihang singh left delhi support farmer thousand hor punjab
71,boom spoke electrician nazir muhammad profess told complain polic
72,social media user share pictur connect hyderabad municip corpor elect
73,user share pictur connect recent peasant movement
74,social media user share pictur claim princess bansal
75,claim social media farmer seen pictur camp outsid delhi
76,netsen claim remov kashmir lot troubl grow crop punjab
77,boom found video one icc cricket world cup match viewer support khalistan
78,claim social media user ahm patel last visit shown video
79,boom found video continu rain affect mani area chennai marina beach also
80,boom receiv order issu ministri home affair
81,talk boom bilki bano said yet particip farmer protest soon
82,boom found viral video show elect campaign argentina presid marisio mcr
83,boom discov viral video actual cgi clip
84,boom found pictur share mani congress leader backdrop delhi chalo protest
85,made two ed film unit kingdom
86,viral video claim delhi polic put peopl wear peopl without mask ten hour
87,video clip viral social media claim never seen yogi form modi ji
88,viral post social media claim russia wed muslim non muslim
89,abp news bulletin screenshot use brake news templat unrel photo concern patra
90,boom found bhagwat name ad separ statement report confirm viral statement
91,boom found video belong freight train raigad railway station chhattisgarh
92,boom found viral pictur taken octob ashok gehlot celebr diwali
93,boom spoke organ hindu jagrati mandal found slogan rai ganpati immer thane maharashtra
94,director gener militari oper indian armi said news armi action pakistan akuupid kashmir fake
95,viral video histor jamra seed shaurya festiv menar udaipur rajasthan march peopl holi
96,boom found video shot western java divi indonesia four year old child islam prayer
97,boom found viral video august chief minist burnt cracker foundat stone ram templ ayodhya
98,boom found video chief minist gehlot dungarpur tour syedi fakhruddin shahe galiakot
99,boom found viral pictur actual taken tejshvi yadav protest murder businessman
100,video share facebook twitter islam milit franc recent kill school teacher
101,boom found viral pictur accu separ alleg murder took place district juli
102,boom found viral video lok sabha elect faridabad poll agent vote illeg
103,boom found pictur show ahm khan newli elect us presid biden
104,boom found edit origin pictur figur rohit sharma mumbai indian appli burj caliph
105,america elector process media outlet elect georgia arizona alaska state
106,claim viral photo lose elect bihar sweet thrown rashtriya janata dal offic
107,boom found pictur go viral old
108,boom found video naga sadhu royal bath kumbh mela held prayagraj
109,boom found pictur taken tejashvi yadav visit geneva august
110,boom boom said medic offic sinhawada phc said first aid soldier done one die
111,boom found viral video elect luberatsi citi russia
112,boom found name bird speci andian condor found injur argentina
113,boom found evid confirm cancel right vote muslim denmark
114,boom found video old januari young man disput prayer flight allahu akbar
115,boom found viral post claim fake video gujarat fatehabad district haryana
116,boom found pictur januari three polic personnel beat alleg phone thief deoria district
117,boom found video shot belgian parliament may
118,boom found viral video al ahsa saudi arabia offici destroy bad chee
119,boom found die may last year due hyperten diabet
120,dhurandhar cricket reject fake news video messag
121,boom found claim viral post fake screenshot edit rana job
122,boom found actual cartoon word shaheen bagh ad separ
123,boom found claim viral post fake photo ram templ construct kashi vishwanath corridor banara
124,boom found claim viral post fake pictur pappu shukla gujarat ismail yemen
125,boom found video shot sana yemen novemb
126,ralli belong bahujan samaj parti concern recent bihar elect
127,boom found video made viral connect recent polit commun activ
128,boom found incid took place cafe brazil octob
129,boom found viral video clip eight year old video franc turkey
130,bjp leader includ mani indian news channel mislead claim modi slogan pakistan parliament social media
131,boom found video shot septemb eight year ago perform ys yuke khartaum sudan
132,boom found ralli address modi patna march
133,boom found viral screenshot crop articl wire program smriti irani jnu
134,cctv footag lift woman shown brutal loot unknown assail video malaysia
135,boom found photo old show current statu karachi
136,boom found pictur anti caa protest januari pm modi two day visit kolkata
137,boom found uninstallmyntra viral social media minyantra made viral cartoon
138,boom found origin placard show nigerian demonstr controversi polic unit sar
139,boom found video go viral elect madhya pradesh
140,boom contact kent refug action network confirm pictur one event octob
141,boom found viral claim fake pictur pm modi kolkata ralli
142,boom found total four pictur shahe e azam bhagat singh found till date viral pictur one
143,boom check video pictur film opposit ralli karachi found tricolor wave
144,boom found viral pictur claim fake viral pictur one year old thailand
145,boom spoke maharashtra state cid confirm sanjay shind ncp never involv case
146,boom found two year old video zhang pakistan person seen video arrest
147,video peopl stop road stone man ask polic help
148,bill milinda gate foundat spokesperson reject messag go viral
149,boom found viral video januari nitish kumar went address public meet buxar
150,boom found video claim viral video video bihar dhar district madhya pradesh civic elect
151,boom found claim viral post fake shahi imam ahm bukhari cau viral claim fuck
152,talk boom neet topper akanksha singh father describ disput tweet twitter handl fake
153,boom found woman husband hindu commun angl incid
154,boom get list relea forb
155,boom found polic shoot video actual mock drill held jharkhand polic
156,boom found photo taken decemb mexican leader oppo bill corrupt
157,boom found claim viral post fake incid uttar pradesh kolar district karnataka
158,boom found woman seen pictur pratibha borkar social media charg goa congress
159,photo anti discrimin campaign use spread commun fake inform photoshop
160,boom contact hathra victim brother confirm woman seen pictur mother
161,boom found photo demonstr delhi polic novemb demand justic
162,boom found sever news report told incid dhaka capit bangladesh
163,boom found claim viral post fake case domest violenc kerala bangladesh
164,boom found viral pictur alexand khan satna polic madhya pradesh charg sexual abu minor
165,viral claim fake video octob tmc worker allegedli attack bjp leader subrata mishra
166,boom reject amritsar rural polic dismiss viral claim woman soldier die road accid
167,boom spoke artist janani kurey told viral pictur relat hathra gang rape
168,boom found viral pictur atal tunnel devil slide tunnel california
169,boom found person seen video aap parti leader ajay dutt delhi polic push
170,boom found femal market e commerc compani seen video associ hyderabad offic safe shop india
171,boom found statement ad separ aaj tak bulletin
172,boom found viral pictur aditya pancholi api post bandra polic station avinash nadavinkeri
173,boom found viral pictur bjp yuva morcha vice presid shyam prakash dwivedi kashi provinc
174,boom found viral post taken articl publish satir websit
175,boom found funer scene actual photo
176,boom found video shot srinagar fayaz bukhari report
177,viral clip octob bjp leader subrata mishra allegedli attack tmc worker
178,boom found clip octob crui liner left greec narrow corinth canal
179,boom found viral claim fake pictur share pradeep pakistani actress laden daughter
180,boom found separ slogan written two year old pictur
181,boom spoke victim famili said recogn girl seen viral pictur
182,boom spoke protest injur vt balaram demonstr said pictur farmer
183,boom found video four year old recent pass farmer relat ongo protest bill
184,boom examin viral video photo found show differ incid
185,boom found bjp field candid lok sabha assembl elect kangana constitu
186,boom found incid prakasham district andhra pradesh girl abu ex boyfriend
187,boom found gandhi name includ list hafington post articl later remov remov
188,boom found indian militari line control ad edit background viral pictur
189,boom found rakhi sawant took pictur part shoot issu j c
190,silo built moga district punjab year compani chief offic told boom
191,boom found vote mim written shahrukh shirt viral post ad photoshop
192,viral pictur protest assist teacher recruit lucknow demand job youth
193,boom found video go viral two year old noth recent polit scenario
194,boom found viral pictur old viral post mislead claim
195,boom found one speech mumbai last year distort distort
196,boom found viral video claim chauhan ralli peopl rai slogan kamal nath name
197,univ burn told boom fake letter
198,boom found viral pictur demonstr sikar rajasthan
199,boom found viral pictur perform haryana roadway employ octob
200,boom found pictur dr bhim rao ambedkar wife ad separ photo bu
201,boom discov adverti made amul year
202,boom found shiv sena peopl last decemb gave person person chief minist uddhav thackeray
203,boom found claim viral video fake youth congress beaten bank manag charg delay farmer loan
204,boom found viral screenshot fake uttar pradesh govern offici confirm
205,boom found mosqu actual katra bazar sagar madhya pradesh mumbai
206,patra reiter claim special public prosecutor ujjwal nikam gave state state mumbai attack case
207,video two year old protest viral cap mislead
208,boom found viral claim fake incid happen recent
209,pictur viral claim person seen underworld abu salem
210,boom found claim viral post fake woman seen pictur aliv corp found suitca unknown woman
211,two screenshot viral make fake claim regard open kangana ranaut school colleg
212,boom contact laxman bhadarg told us video shot novemb last year
213,claim pictur three famili
214,boom found handl fake longer exist
215,boom found pictur joint exerci organ china india taken ladakh octob
216,boom found handl earlier name wewantrahul tweet support congress
217,boom found indian media channel ran news wrong claim without check truth viral video twitter
218,boom found video kangsiva cemeteri made soldier kill indo china war
219,boom found thackerayoff fake handl made name raj thackeray
220,boom found collector bhupalp district judg
221,boom found viral messag similar warn issu south african govern
222,accord unit arab emir govern explo cau ga leakag
223,buldhana polic told boom viral pictur school student made day occa women day
224,boom spoke local polic templ priest deni matter commun
225,boom spoke photograph took pictur told pictur five year old
226,boom found four pictur old taken earlier
227,boom found time india news share video fake claim later news remov clip
228,boom found viral pictur old amit shah photo edit appli
229,boom discov truth viral video talk person come back death video
230,boom found gunjan saxena kargil girl film film retir femal helicopt pilot gunjan
231,boom found screenshot news claim fake claim edit
232,boom found pictur four year old newli marri coupl mandya karnataka
233,boom investig viral post social media claim devast flood engulf china
234,boom found video shot new york claim connect riya fake
235,boom found protest organ right wing polit parti septemb dhaka
236,boom found pictur indian ambassador sangeeta bahadur belaru made viral aankhi da
237,boom found pictur avail internet least also narendra modi offici websit
238,boom found victim accu muslim incid bangladesh
239,fake interview state aamir khan say children follow islam
240,boom found adverti relea march time mandatori wear mask viral post mislead
241,boom found sanskrit sentenc alway written suprem court logo
242,boom talk hyderabad polic found peopl involv assault instal statu hinduism
243,boom spoke offic rashtrapati bhavan describ claim fake
244,viral post internet claim thousand student india found posit two week
245,boom found video clip actual discuss mental health held book launch mahesh bhatt daughter shaheen bhatt
246,boom found video shot prayagraj last year ganga jamuna ufan
247,boom found video andhra pradesh peopl seen relat rss
248,boom spoke queen ruddhaj gaikwad reject viral claim
249,boom found video sushant singh rajput seen danc choreograph manpreet toor
250,viral pictur claim amit shah went dwarkadhish templ neg test corona viru
251,boom found video us congress member tulsi gabbard share import bhagwat gita janmashtami day
252,road internet user busi boycot trailer pathan twist
253,boom found real pictur modi bow idol mahatma gandhi
254,boom spoke journalist mubashir mushtaq took pictur describ viral pictur fake edit
255,boom spoke journalist mubashir mushtaq took pictur describ viral pictur fake edit
256,issu statement hospit said former presid coma situat stabl ventil
257,boom found girl seen viral video medic student natalya second phase bardenco militari hospit
258,boom found girl seen viral video medic student natalya second phase bardenco militari hospit
259,boom found video appear pass bu water fill due rain jaipur august
260,boom found viral clip current shot decemb citizenship amend act
261,boom found peopl pakistan khyber pakhtunkhwa provinc uproot tree plant govern protest
262,viral post claim prime minist went templ see god declar free new zealand
263,viral post claim prime minist went templ see god declar free new zealand
264,boom found pictur actual show hospit complex virginia univ
265,boom spoke historian rana safavi journalist relat news told mistak desk
266,boom found account pictur gone viral johnson fake handl idol ram real pictur
267,boom found viral pictur taken plantat prime minist time bhoomi pujan
268,ayurveda practit sharma convict mani murder till relat kovid
269,boom spoke priest hyderabad templ confirm video januari
270,boom found photo case famili patient came get stone kidney doctor
271,magazin tv bharatvarsha one india wrongli report gogoi kovid posit
272,pictur shown viral post boe dreamlin boe er purcha india
273,boom contact air forc confirm india air franc rafael jet
274,pictur viral claim investig sushant singh rajput case correct due acquaint thackeray riya chakraborti
275,boom found pictur actual made use onlin billboard gener
276,boom contact delhi polic discov video actual mock drill terrorist caught
277,boom talk owner compani make anim told video jain templ andhra pradesh
278,boom discov real pictur gehlot seen celebr victori rajasthan assembl elect year
279,boom found video year old post prime minist narendra modi offici twitter handl
280,boom found viral pictur taken rajiv gandhi meet russian hare krishna devot delhi
281,news websit use photo hamnam sp leader report instead leader muslim kar sevak forum
282,boom found six year old pictur taken seminari telangana youth seen pictur scriptur
283,boom found photo viral fake claim realiti photo prayagraj
284,boom spoke top offic sultanpur polic told commun angl incid
285,boom found crowd prevent civic offici instal institut quarentin kovid posit peopl
286,boom spoke kafeel khan lawyer jail superintend dismiss claim left
287,boom receiv copi fir confirm three accu muslim
288,boom search news report news found anywh confirm alleg statement sibal
289,boom found pictur share mani pakistani social media handl past sever year punjab pakistan
290,vice chancellor pondicherri univ reject claim one student found treatment kovid
291,ministri home affair yet taken deci regard open school colleg
292,boom found pictur bihar assam flood
293,boom found viral letter actual subramanian swami demand cbi inquiri prime minist narendra modi case
294,boom found real pictur time jyotiraditya scindia join bjp
295,boom spoke dr rana singh discov record video mahavir cancer institut juli
296,boom found clip consid real actual clip film call head shark attack
297,boom found video citi south africa durban mani monkey enter hospit last year
298,boom found incid took place video went viral
299,least year old pictur viral fake claim skeleton bhim son ghatotkacha
300,boom found one pictur bihar taken hyderabad
301,boom found bhagat singh sister parakash kaur die toronto
302,fake tweet claim samajwadi parti power ram templ would construct
303,boom found pictur present internet sinc post mani russian websit
304,boom found incid year old belong villag gujarat
305,boom found video fake digit edit
306,boom found pictur done heavenli actor pushpa joshi work film red
307,boom found viral post fake pictur crimin vika dubey face
308,boom found pictur publish articl time india author told boom taken near bhagalpur
309,boom found pilot present twitter news report written fake tweet name
310,boom found real pictur dubey close jai bajpay bjp spokesperson sambit patra
311,boom found video upload youtub april year
312,boom spoke hema malini reject rumor
313,boom receiv similar train video seem viral clip commando bear tier gass
314,boom spoke rajasthan polic found dargah still close ralli still close make awar kornaviru
315,boom found handl parodi handl
316,pratap roam viral messag social media littl fake inform nm inspir life
317,boom talk jyoti paswan found healthi allegedli death hatr paswan live district
318,armi said statement prime minist went meet patient train hall made treatment center
319,mani news institut publish report made ian wrote sushant singh rajput father twitter
320,mumbai polic current investig far peopl record
321,boom compar pictur scene found child hand rock present frame present
322,boom contact bjp leader vika dubey seen viral pictur found claim absolut baseless
323,boom contact bjp leader vika dubey seen viral pictur found claim absolut baseless
324,boom found apach helicopt actual fli due routin drill havasu lake arizona
325,boom found tweet made parodi account indian express bhushan file pil
326,press confer held june last month ramdev said control
327,boom found pictur viral tell kolkata
328,boom found handl demand ban china made good mainli bollywood khan gang tweet
329,boom found pictur narendra modi bow mayor karnataka fake xi jinp
330,boom made list option app ban
331,boom found petrol pump poori peopl vandal give less oil measur
332,boom discov video record year osmania hospit hyderabad
333,boom found photo handov ceremoni south korea fought korean war chine soldier
334,boom found pictur internet sinc digit artwork
335,boom found list taken wikipedia list name chine gener
336,boom found pictur actress ursula andr taken set dr jame bond seri
337,boom found flag neither saffron indian tricolor leader burnt nepali flag protest nepal
338,boom lock discov pictur leh ladakh
339,boom found incid took place octob bu carri jawan victim accid
340,boom found perform relat indo china issu leader cpi better worker poor
341,boom found pictur least four year old mani thai avail indonesian malaysian websit
342,colonel santosh babu recent martyr clash galwan valley ladakh india china
343,boom found video present internet sinc viral video clip origin video
344,claim post viral clip nuziland boom found actual video matera itali
345,boom found pictur incid relat india
346,boom found mani discrep mistak tweet run aaj tak make fake
347,boom investig found pictur actual demonstr govern polici sitaram yechuri brinda
348,boom found real video show kill accid near coast libya
349,boom found pictur eleph name gauri tarlabalu jagadguru math sirger karnataka
350,boom found januari record actual video chauhan question liquor sale polici kamal nath govern
351,viral video jhansi seen work gym equip automat park uttar pradesh
352,boom found investig viral video hyderabad citi india citi hyderabad pakistan
353,viral post claim suprem court order june name countri chang india india
354,boom test reveal video vi singh chow vietnam person play daughter grain
355,zee news also describ viral graphic fake photoshop contact boom
356,boom found pictur avail internet sinc june
357,whatsapp inbox deliv articl india major fact checker missinform associ chatbott corona viru
358,boom found pictur cow includ mutil jaw raipur rajasthan cow injur blast
359,boom found viral pictur taken place year damoh area madhya pradesh
360,boom talk school board member vice chairman found claim fake
361,boom found viral pictur edit real pictur taken protest washington
362,boom found prime minist ayushman bharat talk beneficiari kovid patient
363,boom knew surat polic investig commun angl incid violat rule quarrel lockdown
364,boom found viral video delhi king edward memori hospit mumbai
365,boom found viral pictur four year old took repair templ farrukhbad uttar pradesh
366,boom talk senior offic uttarakhand wild depart found viral pictur uttarakhand
367,boom found set photo share viral post differ
368,boom contact foren doctor present scene found famili commit suicid due poverti
369,boom discov real video decemb found claim viral post fake
370,boom investig viral video telangana worker protest ask permiss go home
371,boom discov video nashik polic congratul coupl get marri home due lockdown
372,boom found second long real video slogan jai shri ram heard
373,investig boom reveal viral video actual base pre plan plot real incid
374,boom found investig victim uncl grant bail lucknow high court
375,photo share whatsapp social media fake real news report
376,boom found member delhi pradesh congress committ worker walk till madhya pradesh uttar pradesh
377,ram found video market pakistan
378,investig boom reveal viral video pakistan mansara india
379,boom found neeta ambani twitter account tweet made fan account
380,clip show agoni refug rohingya fire camp bangladesh
381,boom found investig photo kumbh mela held prayagraj uttar pradesh februari
382,boom came know investig clip part long video made kenyan comedian restor yake
383,boom found museum team take physic measur modi makeup
384,boom found person seen video year monk bahupiya peopl girl
385,boom discov video incid baljeet nagar accu local resid
386,boom found video taken anoth angl incid found peopl say sajid bhai zindabad
387,boom found investig viral statement screenshot abp news templat fake
388,boom discov video youtub sinc august
389,investig boom pictur found pictur sindh pakistan encount among peopl disput land
390,boom discov viral video juli like bangladesh
391,boom discov viral video peopl offer prayer lockdown implement
392,check boom found pictur tweet suresh chavank old year telangana due kovid
393,boom talk tonk polic found viral pictur rape victim victim aliv
394,boom spoke senior professor patholog depart aiim delhi relea list
395,boom found pictur rohingya muslim person leav myanmar run toward bangladesh
396,boom contact icmr ganga ram hospit delhi confirm viral messag relea
397,investig boom found video asansol station migrant serv stale food
398,vrindavan polic told boom news rohingya muslim involv case fake
399,boom found disput border still seen map seen outsid india
400,boom discov video record surat divi gujarat last year constabl appoint railway
401,boom talk offici jaipur found news fake
402,viral screenshot tweet say amit shah plead muslim commun good health
403,boom found investig ranjan gogoi present twitter also statement news report
404,articl publish claim khan read curv corona viru opposit direct articl first pakistan
405,video rakul preet singh came may take medicin
406,boom found indira gandhi husband father law pictur fake
407,investig boom reveal viral pictur young woman kiss nehru cheek niec nayantara sehgal
408,investig boom reveal viral pictur present internet sinc juli liquor shop open
409,boom investig reveal viral video incid pakistan shaheen bagh recent
410,boom find offici notic investig written china stop exchang currenc dollar
411,boom found pictur unrel pictur injur woman gujarat
412,aamir khan taken away inform tweet claim go viral fake
413,boom discov poster actual made fan art actor shahrukh khan show tipu sultan
414,messag fake ratan tata trader tata confirm twitter
415,claim test kovid stop breath appli mustard oil nose stomach
416,boom discov video rishi kapoor time mother krishna raj kapoor death
417,conver naseeruddin shah colleagu boom reject rumor said perfectli fine
418,boom spoke surat polic confirm video market surat peopl follow lockdown
419,boom found viral clip sever year old belong ongo lockdown due kovid
420,video actual record februari kapoor admit treatment hospit delhi
421,pictur kalav mountain citi myanmar social distil practic veget market
422,boom discov pictur shown viral post actual made morph irfan pictur
423,reveal boom boom video youtub august kornaviru wahn infect spread china
424,boom found video last rite kim jong il
425,hdfc bank spokesman neeraj jha said post associ aditya puri wrong way
426,boom found pictur old caption unrel relat kornaviru epidem
427,claim post went viral attack inspir palghar lynch boom contact hoshiarpur polic detect
428,boom discov man seen photo injur nur treat
429,boom found viral audio clip katyayani mantra real voic singer jitendra singh
430,boom found incid took place wardha maharashtra june time famili commit suicid due debt
431,boom watch video real speech found rahul gandhi mention chile hover sky due dirt
432,boom found real incid occur bangladesh april local leader among needi hindu
433,boom found zee hindustan come viral messag mislead commun angl news
434,boom discov screenshot tweet share facebook actual taken fan page suspend
435,boom found hanjo made statement accord evid sar cov natur viru
436,boom found pictur actual taken year actress marilyn monro
437,photo fred hachinson cancer center caital usa stem cell transplant burt glinn
438,viral post claim dalit woman attack muslim christian kerala worship
439,incid punjab provinc pakistan accord punjab polic person seen cctv footag arrest
440,hindi newspap dainik jagran print pictur samajwadi parti presid akhilesh yadav april wrong articl
441,boom found investig financ time becom viral becom viral articl
442,conver boom delhi polic made clear azan ban mosqu religi place
443,video made alleg attack arnab goswami wife samyabrata ray goswami
444,boom found corner kaaba call rukn e yamani touch consid sacr
445,boom talk mumbai psychiatrist dr sagar mundra tri know effect kornaviru lockdown
446,search boom reveal viral clip may
447,boom discov fake claim social media share last six year
448,boom spoke indor polic told note fell man pocket ride bicycl
449,boom contact palghar polic confirm commun angl incid
450,boom spoke ravish kumar reject viral statement outright
451,map map social media describ recent found present internet sinc
452,boom spoke local polic said whatsapp oral among resid banbhulpura area haldwani
453,boom found clip crop youtub webseri
454,video claim muslim maid ad urin owner food boom found video
455,boom found video show remain food leprosi ashram day ram navami
456,investig boom reveal viral video mock drill done hajipur polic
457,boom found sindh govern made quarantin facil devot come pakistan iran sukkur
458,boom approach mumbai polic came know commun angl issu
459,viral messag claim hotel resort across india close till octob year due coronaviru
460,viral post seem tv blueoper boom found real news actual chief minist uttarakhand
461,boom found young man dilshad ali healthi polic arrest three attack connect
462,boom found video made anim video product compani digit made realiti
463,ram found pictur fake drug ad photoshop
464,recent pictur share claim modi govern promot lockdown
465,boom found pharmacist die due brain haemorrhag attack muslim
466,boom found video shot august mental patient karachi pakistan mosqu
467,although later wire agenc delet tweet also relea mistak mani peopl done wrong tweet
468,boom found video record filipin deliveryman remov bread slice packet
469,boom found pictur taken june complet unrel recent lockdown
470,boom found video four month old prevent polic go insid citi meerut
471,boom spoke superintend polic abid khan becom center fake inform
472,boom discov video novemb yogi adityanath shahrukh khan speak intol
473,viral video claim indor polic beat stone team doctor april
474,viral messag claim pm modi led kornaviru task forc mani countri includ ys yuke
475,govern notif describ implement section indian stamp act shown fy
476,articl world news daili renown fake news websit spread wrong inform gui satir materi
477,articl taken redg forum name r noslip peopl post fiction stori inspir event life
478,boom found year old video actual symbol practic adopt peopl bohra commun
479,boom found video protest ralli took place azerbaizan last year
480,home ministri offici confirm boom name design offic mention messag present
481,mumbai polic confirm boom two viral audio clip fake
482,viral messag fake deci given bombay court given incorrect interpret
483,boom discov child seen viral pictur born berth default call annsef black magic
484,viral mesaz claim mp govern one due non complianc countri wide lock properli
485,pictur video go viral fal claim vaccin coronaviru avail
486,boom found video mock drill made polic
487,boom found pictur belong art relat murder larg scale shark
488,viral messag peopl ask peopl stay indoor govern go spray medicin claim fake
489,boom found indian armi term claim wrong pictur use claim old india
490,viral clip made use aaj tak templat claim brahmin rajput
491,boom found graphic made prank gener app pictur lion move street old unrel
492,boom found viral audio record chennai orthopedist dr santosh jacob
493,viral press relea relea prime minist offic india
494,viral video claim million peopl accept islam china due fear korivyu
495,viral post fal claim sachin tendulkar ban sale meat due outbreak kornaviru
496,boom found video actual show polit opposit hong kong august kornaviru
497,boom found onlin form free mask scam inform taken peopl
498,unlik social media claim rosh vaccin rapidli approv kornaviru test
499,sub divi magistr told boom video mock drill done march
500,mani mainstream news outlet social media made fal claim ronaldo hotel convert hospit
501,world health organ said mask complet effect compet recent outbreak covid
502,tweet fact check team press inform bureau said claim made viral clip fake
503,stori origin red forum call r noslip scari stori stori share
504,boom spoke coupl famili object claim time india said woman bangalor
505,said vaccin vaccin far new vaccin minim public avail public
506,boom found viral video film actor sunni deol film blanc relea
507,boom found viral screenshot photoshop make fal claim
508,boom spoke rbi spokesperson clarifi viral messag fake
509,hathra polic deni kind commun angl incid
510,boom found tweet bjp parodi account karnataka offici handl parti
511,video share fal claim muslim vendor caught lonavla near mumbai
512,boom found unicef relea advisori claim messag scientist
513,boom found long version aaj tak video show wrong inform spread crop crop
514,boom found person attack mob viral video kanhaiya kumar person
515,pictur bollywood actor aamir khan seen turkish presid recep tayyip erdogan social media
516,boom found viral video made ad three clip xi jinp northwest region china
517,boom examin profil found account fake accord al jazeera wire person belong account
518,boom found viral video crop share mislead context
519,boom heard mandar long speech protect true ideal constitut india protest
520,boom contact dr ram manohar lohia hospit delhi safdarjung hospit hospit patient
521,boom contact sultanpur polic told us incid took place seilampur delhi
522,video share actress congress member nagma twitter immedi went viral
523,boom earlier also investig video claim islam terror west bengal
524,pictur two year old injur child gone viral say rioter delhi return home school
525,boom found pictur taken video rescu oper polic help peopl get build
526,coimbat polic describ news fake accord polic tri find handl share
527,claim women given money shaheen bagh boom found video distribut februari
528,boom found adverti publish dainik jagran februari photoshop went viral
529,origin pictur girl whose bodi recov villag madhya pradesh februari
530,minist state financ fal claim press confer never rai slogan
531,boom found photo aurangabad protest protest citizenship amend act
532,boom found incid took place islampur area west bengal januari person wife newborn daughter
533,boom found video date februari aap mla given lieuten governor deterior law order delhi
534,boom found person appear pictur congress leader former india addit solicitor gener suprem
535,due insuffici report riot delhi real inform could reach peopl besid shahrukh
536,boom found viral video decemb film caa protest ahmedabad gujarat
537,boom found govern india issu advic regard bake color chin
538,pictur policeman hold stone hand present internet long recent delhi violenc
539,video viral sinc decemb unrel recent violenc citi
540,boom found set four photograph old relat violenc north east delhi
541,attack later commit suicid kotma polic deni commun angl case
542,boom found name person stand behind kapil mishra rohit rajput resid maujpur
543,boom spoke kannada polic told commun angl incid
544,boom visit ashok nagar mosqu locat confirm miscreant februari
545,boom found statement share mani neutzan earlier
546,boom found video mock drill made chine swat team henan provinc
547,boom found pictur injuri mark ishi ghosh forehead clearli seen
548,boom found viral pictur least three year old shaheen bagh
549,compani neither sugar tablet mix offici packag
550,name woman appear viral photo shakeela begum
551,boom spoke shadab farooq describ claim rumor page viral cctv footag
552,accord shiv sena mouthpiec drink alcohol remov coronaviru
553,boom found pictur edit text instruct urin
554,total aap mla bjp mla new delhi assembl announc seriou case crime women
555,boom found origin tweet okhla mla photoshop give commun color text ad
556,boom found bjp leader parvesh verma made controversi remark assembl elect delhi
557,boom found claim fal video made ad three differ video
558,boom found pictur june protest multan pakistan narendra modi anti pak comment
559,boom found post claim lose seat margin bjp margin less vote
560,boom found pictur old attack zee news offic recent
561,boom found viral claim baseless wrong articl present indian constitut
562,boom found pictur two differ women share fake claim
563,boom found pictur origin mukherj nagar delhi tempo driver attack polic sword
564,boom found viral screenshot tiwari tweet fake made use applic name fake twitter
565,boom found wuhan resid whistl memori dr li valiang
566,fake screen grab news bulletin go viral claim scientist remedi coronaviru
567,boom found video part expul campaign conduct illeg encroach bhubaneswar municip corpor
568,pictur xi jinp juli mosqu visit north western china outbreak kornaviru recent
569,amanatullah khan talk becom mean medium end atroc
570,boom found pictur taken may imran khan went meet arvind kejriw delhi
571,viral articl origin suspect websit ab tccom publish websit publish wrong inform earlier
572,abdullah fiction statement quot modi deriv satir websit fake news
573,boom found video may indonesian soldier beat pocketmar video
574,studi publish octob month outbreak novel kornaviru
575,boom found voter inform belong person name relat jamia shooter
576,boom found video malaysian prime minist visit china
577,anoth wrong inform relat kornaviru spread
578,boom found video maulvi made comment tabrez ansari murder mob
579,wrong claim made get sick want stop germ wear white side mask
580,boom found video year old film china
581,video hindu mahasabha leader shot mahatma gandhi effigi show support nathuram god
582,boom investig show post claim jamia injur demonstr show injuri
583,boom found blanket distribut campaign conduct ngo base ngo aam aadmi parti
584,boom found person shailendra dubey teacher primari school jaunpur uttar pradesh anil upadhyay
585,boom contact rel decea confirm year old young woman die heart stop
586,republ tv initi gave incorrect inform incid claim protestor oppo gunman caa
587,boom found video local market indonesia foreign anim sold
588,boom found newspap clip fake onlin newspap creat help clip gener
589,boom found video two hindu women becam muslim municip elect uttar pradesh
590,india far issu travel advic china healthcar provid deal kornaviru
591,boom found video punjab punjab women hindu
592,boom found person present viral video acharya dharmendra leader vishwa hindu parishad vhp
593,boom found viral video russian proton rocket crash moment fli
594,boom found video two year old junior clerk attack ajmer
595,boom found viral video incorrectli cut shown chairman women shia waqf board
596,boom found video old caa associ opposit
597,boom found caption mislead lingayat guru comment relat citizenship amend act
598,boom found video municip elect held chhattisgarh relat delhi assembl elect
599,boom found viral pictur sandeep lobo member south kannada bjp cell accu arrest
600,boom found kumar refer narendra modi viral video
601,boom found incid took place brazil novemb clash drug mafia seavil guard
602,boom found video beat crimin indor polic uttar pradesh caa demonstr
603,boom contact femal station charg confirm commun angl incid
604,pictur jashodaben modi part protest demolit slum mumbai
605,frozen sweet surround fake wrong news compani
606,boom found video august local peopl jaipur rajasthan protest remov encroach
607,footag made video game editor base popular pc game arma
608,boom found caa written actual banner
609,boom found note shivaji fake america declar februari chhatrapati shivaji day
610,boom spoke organ program confirm dress code photoshop viral pictur
611,boom earlier reject video viral fake claim
612,boom found pictur bangladesh avail onlin earli septemb
613,boom found woman appear video went viral jantar mantar alvi
614,video nighat abba chant freedom opposit leader viral without mention polit affili
615,pakistani actress mahvish hayat pull twitter influenc tarek fateh post fake video
616,boom found video two policemen beaten issu challan three biker
617,facebook page name nation namo post old video muharram claim caa bihar
618,parti deni viral list candid given commun angl
619,boom found pictur khammam district telangana
620,boom found video novemb farmer allegedli protest get low compen land
621,boom identifi speaker farooq ahm leader depriv bahujan agadi
622,boom found truck pass outskirt durgapur west bengal old broken airplan
623,durex compani remov adverti make fun delhi polic
624,mohanda pai share pictur context mislead claim
625,boom found two word replac pictur placard
626,boom found two word replac pictur placard
627,boom found suffer injuri left hand rever made viral
628,boom found viral messag mislead mani way
629,xavier institut campu video girl shout slogan vulgar languag share jnu
630,boom talk suri krishnan told us five stitch come head bandag tie right hand
631,right wing magazin swarajya claim filmmak name attack film muslim ident
632,boom found video avail youtub sinc august
633,boom found actual pictur taken ahmedabad support citizenship amend act
634,mobil video game video footag incorrectli share call american drone attack sulemani
635,boom found twitter handl associ republicpol tv
636,boom found pictur sex toy condom old relat violenc sunday univ campu
637,boom analyz video shot venu found khalid rai slogan
638,kiran bedi share amplifi video differ video share nasa
639,number mention tweet bjp caa support helplin handl claim tweet part prank
640,boom found video six year old belong bangladesh
641,boom found pictur show clash polic tibetan deport person nepal
642,boom spoke aaj tak journalist reject statement
643,video delhi polic beat protest protest rohit vemula suicid
644,boom brought five exampl similar look photograph use spread wrong inform
645,video film belong recent perform
646,indian armi tweet letter fake agreement viral name bipin rawat
647,boom found two differ person one protest kanpur muzaffarnagar alleg polic alleg
648,boom found video viral accid mumbai pune highway
649,boom spoke delhi polic said rakesh tyagi seen video retir polic sever year ago
650,boom found video origin shot sri lankan jail
651,boom found video shot policeman caught sikh protestor mohali forc turban
652,boom found kaneria pictur turn islam
653,like spiderman stop train show pm modi save india repetit popular meme
654,video show polic offic slap woman protest minor rape
655,boom found video origin brahmanbaria bangladesh madrasa student local shopkeep
656,boom abl find person seen video vinod sarang senior inspector delhi polic
657,boom found girl return famili soon video went viral
658,contrari pm remark new delhi amit shah manifesto cm assam year
659,boom found text origin photo poster tamper
660,boom found sub temperatur run viral clip indic correct way said
661,boom found member administr talk exist detent center sever occa
662,boom found bachchan tweet action student protest delhi gang rape
663,boom found pictur origin maratha kranti morcha held
664,firstpost quint wrote mislead articl parineeti chopra brand ambassador beti bachao beti padhao
665,boom found pictur actual display clash polic lawyer court
666,boom found origin pictur delhi polic offic protest clash lawyer novemb
667,boom reject earlier bhilwara polic told boom case commun polit
668,immigr offic share video bangladeshi passport found sandal view caa opposit
669,viral pictur claim perform hindu actual muslim politician
670,boom found video origin forest evict campaign conduct amchung forest area assam
671,boom found video gurgaon haryana school bu allegedli vandal karni sena
672,delhi polic confirm boom person seen pictur arvind kumar soldier delhi polic
673,tata memori hospit mumbai reduc hair loss chemotherapi breast cancer
674,video mislead share recent pass caa protest
675,hyderabad physiotherapist misrepr find nobel prize winner
676,boom found pictur india kidnapp caught cairo egipt
677,boom found pictur rahul gandhi sapa fabin kerala
678,boom told vice chancellor darul uloom claim fake relat darul uloom
679,india offici crime collect data religion data victim rapist
680,boom spoke student repr jmi confirm student hospit still stabl
681,boom found pictur screen grab news bulletin relat water project inspect sarbanand sonow
682,boom found viral pictur done chitgong bangladesh shot process taken occa eid e milad
683,boom found three pictur assam relat opposit citizenship amend bill
684,boom heard speech given gandhi jharkhand found statement like call rape indian women
685,boom discov video internet found video citizenship amend bill long passag bill pass
686,boom found woman identifi amrat shehzadi muslim resid shahpur bhanguk pakistan
687,boom found video mock drill organ jharkhand polic novemb
688,boom found wrong statement spread name congress leader spoke cab comment
689,person seen pictur vinay sharma one adult convict case minor
690,boom found shock video record egypt cairo tower burj califl dubai
691,boom found hyderabad rape victim receiv award viral video
692,fal claim made pictur student tamil nadu punish clean school toilet wear ayyappa garland
693,boom found viral photo part fact check articl publish hindi newspap dainik poorodaya
694,claim done christian odisha
695,zee news tv use old pictur veterinari doctor accu rape murder
696,boom found footag video game medal honor
697,boom spoke motihari assist superintend polic confirm incid motihari
698,sibrabad polic commiss vc sajjan told boom none accu minor
699,mani peopl describ insensit peopl face lot troubl due rise onion price
700,boom found video origin shot adelaid zoo australia photograph
701,boom found origin yemen incid person public charg rape kill girl
702,boom found video fake complet differ video real funer
703,boom examin two list number find scam work
704,boom found pictur nigeria pastor kept sister human skeleton
705,boom found kanhaiya talk maulana abul kalam azad shown cut
706,boom found pm modi done juli death close aid rss leader prafulbhai doshi
707,edit pictur uddhav thackeray shiv sena green logo tweet parodi account sanjay raut
708,boom found actual pictur uddhav thackeray salut pictur father balasaheb thackeray
709,boom found pictur share mani neutzan origin actor sunil jadhav film attack
710,boom found video north eastern brazil coupl charg tri rob passeng bu move bu
711,post student describ freekey depend spread toward women
712,boom found articl first publish satir entertain websit consid true
713,boom found pictur young man karnataka suffer blood cancer
714,boom found pictur origin taken protest took road protest nirbhaya gang rape delhi
715,boom found pictur taken woman shown woman particip ashura muharram countri
716,boom abl find victim sukhram meghwal beaten peopl charg theft
717,boom contact shambhavi siddhi master degr student studi jnu viral facebook post
718,boom told truth video incid took place mall morocco
719,boom found pictur done britain visit nehru
720,video went viral texa usa local polic said incid could happen mexico
721,boom found link given news take fake websit
722,tirumala tirupati devasthanam confirm boom claim broadcast onlin wrong taken deci yet
723,boom found pictur drama draw line base partit india
724,boom found articl light show day khan birthday talk money borrow
725,boom found show done aaj tak channel given news incid happen
726,boom found pictur actual taken eleven year ago feroz shah kotla mosqu delhi
727,fake messag claim see three right sign whatsapp mean govern agenc
728,mainpuri polic told boom quarrel took place two thakur group
729,pictur made websit screenshot mimick news bulletin
730,lucknow polic injur maulana deni commun reason behind attack
731,boom spoke superintend polic secur ayodhya deni viral messag said someon monitor
732,fatehpur polic told boom person kill wife angri rel wife
733,video program customari sweet admit indian pakistan armi
734,shubhranshu chaudhari one indian target isra spywar pegasa spoke boom told
735,boom approach madhav nation park rang offic lp arya reject rumor
736,boom found viral pictur two girl told pictur two differ girl
737,boom found viral video incid karachi pakistan took place august year
738,opindia nation fal report russian presid vladimir putin narendra modi visit tamil nadu
739,boom found incid rohta bihar women consid child thief mob
740,fake news claim honda give free gift besid cadburi amazon also fake messag
741,boom found fake viral graphic font match font graphic tweet offici handl
742,boom found demonstr done worker hindu samaj parti form kamlesh tiwari
743,bhilwara polic categor deni commun reason behind incid
744,boom found interview given tv regret lewd thing done brother
745,viral post claim woman wife gautam adani boom found claim fal
746,fake post alleg laxmi vila bank close sever branch
747,boom spoke shahabad sdm dismiss alleg tamper evm said jeep govern complex
748,boom found statement go viral name senior journalist kumar roam social media sinc murshidabad tripl murder
749,boom found reserv bank india never issu messag order note declar illeg
750,boom spoke mathura polic told crimin set fire car stir media
751,boom found temporari road open traffic four month hour later claim
752,boom found ratan tata never said mainstream media institut write articl context
753,boom found origin headlin photoshop fake made
754,incid pal start make mislead claim pal relationship rashtriya swayamsevak sangh reason death
755,boom found pictur origin mehedi hasan russel main one death bangladesh engin student abrar fahd
756,cnbc tv came gui fake tweeter account consid fake twitter account name abhijeet banerj
757,boom spoke meerut polic told gang muzaffarnagar use rob atm help ga cutter long time
758,data pmo former pm manmohan singh extract show amit shah claim regard modi foreign trip
759,boom found incid took place alahabad student alahabad univ stop convoy
760,boom found facebook page follow made logo bbc news
761,balrampur polic say eight peopl arrest area quiet
762,director karthik saragur told boom scene film vivekananda left vivekananda
763,boom found prime time ravish recent made episod deliveri rafal
764,claim chhota rajan pictur pm modi origin pictur photoshop
765,boom found person arrest dewa connect reserv bank india claim go viral
766,boom identifi late kunwarji lodaya brother mulji lodaya businessman gujarat
767,boom found person yusif alakutai live saudi arabia incid riyadh polic arrest
768,boom found pictur origin screenshot taken film nine hour ram
769,boom found ident two differ girl stolen creat account remov one pictur one
770,boom spoke goa superintend polic pankaj kumar singh told accu took step due lack money
771,boom found pictur actual held annual meet world econom forum pakistani minist present
772,boom found actual pictur taken associ press gandhi laugh jawaharl nehru
773,boom found statement viral anil upadhyay actual statement sant yuvraj
774,donald trump carboncopi denni alan stage held earlier year truphalgar skwear unit kingdom
775,boom found headlin clip clean word manag replac cleric
776,boom found video incid multan pakistan relat kashmir
777,boom found incid saudi woman brutal beat children mother took money husband divorc
778,boom found amazon spin win offer avail amazon india app
779,boom found flood came tarod area morocco august least seven peopl kill
780,boom found photo carri global climat strike held major citi world
781,boom found video shot chief minist narendra modi made illeg build across state
782,boom found pictur nehru indira gandhi went magnitogorsk russia
783,boom found although mainstream media write articl upload video youtub year ago
784,boom found video present onlin sinc octob reportedli relationship taliban pakistani armi
785,boom found clip air time danc sequenc pm modi elect campaign april
786,boom contact professor akiohi kitoka creator optic meal dismiss claim
787,boom found new act would fine passeng wear seatbelt sit behind vehicl
788,boom talk pithora polic station charg found boy girl believ hinduism call boy muslim
789,boom found pictur three year old analysi articl mainstream media institut statement
790,boom found viral clip episod popular american danc show think danc
791,boom contact gorakhpur addit gorakhpur dr kaustubh said real messag rumor
792,boom found pictur protest extradit bill hong kong
793,boom found pictur five year old woman seen ramdev suffer cancer
794,pictur screengrab prime time show senior journalist ndtv get life
795,boom contact wasim co star farhan akhtar said pictur taken februari year tweet
796,boom found statement publish viral quot suprem leader north korea
797,boom contact mission mangal co produc r balki reject claim far
798,boom found video made viral link challan program run across countri wrong number thousand
799,boom found viral pictur statement old current receiv ravish kumar ramon magsaysay
800,boom found video shot polic train colleg kp hungu pakistan kp
801,viral pictur boom found photoshop tweeter user name mimrao
802,boom found swiss bank corpor document letterhead present
803,wrong context photo video step improv environ aim remov pollut
804,boom receiv full episod two differ prime time show one week old
805,boom found video origin entir aleppo citi shock terribl explo hotel syria
806,ahmednagar local crime branch told boom video mock drill septemb
807,person present video arrest assam polic jail wait case
808,first photo taken funer jammu kashmir policeman june second pictur gaza
809,viral video fake social media voic ad
810,incid polic arrest student msf nation presid top ashraf ali say
811,boom found pictur statement share thousand time made fake pictur maryam khalik
812,video twitter facebook muzaffarabad gilgit kotli govern pakistan
813,boom found video shot karachi pakistan relat india
814,boom found video one hour ashram satya sai ram andhra pradesh shot prashanti nilayam
815,boom read inform issu reserv bank viral messag declar wrongli
816,boom found video juli clash tmc bjp worker west bengal coach bihar
817,boom found publish articl origin cartoon lo angel time
818,boom found photo taken decemb isra attack gaza strip
819,boom found video shot may relat kashmir issu
820,boom found video origin himach pradesh state high court last year remov illeg encroach
821,viral video combin old protest incid situat articl withdrawn kashmir
822,boom found video shot prayagraj januari priyanka gandhi weight eastern uttar pradesh
823,boom found video five year old video upload websit call appian news
824,boom found origin pictur narendra modi worn arab amirati hat
825,boom found video sindh provinc pakistan also went viral may
826,boom spoke senior ndtv journalist ravish kumar deni claim
827,boom found video present facebook sinc mani claim give commun color link kashmir issu
828,boom found jawan jagveer singh seek help govern take action land mafia prime minist
829,boom contact bbc hindi found claim made call sourc absolut fake
830,boom found investig beaten beat young man confu child thief
831,boom found video tweet mir june group youth south kashmir
832,boom found three four pictur year old fourth pictur taken differ occa happi atmosph
833,boom found video show mock drill organ polic offic amravati maharashtra
834,boom found person present video mumbai polic commiss retir indian arm forc
835,video share due section cancel jammu kashmir
836,video mock drill uttarakhand held part joint militari exerci india america
837,boom found clip held cricket tournament held jammu kashmir indian armi dhoni chief
838,boom found video upload youtub recent polit jammu kashmir
839,boom found video origin protest madrasa teacher gurdnibagh area bihar
840,boom found viral video bjp ralli took place jammu april
841,boom found gilani mani separatist leader first phase jammu kashmir local urban bodi elect
842,viral post claim video show muslim jammu kashmir shout slogan support india
843,boom found video goa six month old video anywh video person wear burqa connect bjp
844,boom found viral pictur taken year girl seen palestinian kashmiri
845,claim cannon sent due upheav kashmir valley
846,boom found video shot deci beat woman taken villag head
847,viral statement statement zomato founder ceo deepind goyal demolish commun color given matter
848,boom spoke arjuni morgaon polic deni commun angl incid
849,messag viral social media claim child kidnap citi bangalor
850,boom spoke offici spokesperson king georg medic univ confirm victim aliv
851,boom found mani claim made social media link pictur
852,india gate war monument design honor soldier british indian armi first
853,boom found pictur viral unrel chandrayaan taken spacecraft
854,respon lok sabha number case fake news spot elect commiss highest case
855,video indian athlet swapna burman famili reaction victori wrongli link hima da
856,boom found onlin form use decept get inform peopl fake websit wrongli
857,viral post claim russian govern start scheme view health welfar countrymen howev
858,boom spoke mumbai polic pro manjunath sing confirm video broadcast fake
859,photo gujarat polic bust illeg arm racket run hotel
860,boom found allah hu akbar voic ad video clip
861,delhi polic told boom peopl involv sabotag templ old delhi taken bajrang dal
862,boom spoke repr actor famili member tabrez ansari deni viral post
863,boom found viral photo done octob bangalor colleg distribut studi materi
864,boom found pictur previou assam flood spread recent flood photograph
865,viral post three pictur claim two hindu girl fast love jihad
866,two girl actual three seen pictur film actor aamir khan niec daughter
867,video actual ten month old video person seen abu polic personnel bareilli
868,boom contact tabrez ansari uncl cousin call claim rumor
869,student actual rai slogan sabir sab zindabad support princip sabir sheikh pakistan zindabad
870,figur spread viral facebook post consid true social media user howev
871,boom found viral video clip four year old record differ context
872,boom found video surat gujarat incid took place ralli oppo mob lynch
873,viral post photo fast share wrong caption
874,boom contact delhi polic came know messag offici relea delhi polic
875,boom found fountain oper sound girl scream video
876,boom found four year ago cabl car caught fire jericho shoot tv seri
877,boom approach kunal told share photo funni
878,viral post claim incid recent occur haryana real incid year rajasthan
879,slogan demand two year old muharram process demand reveng rss worker tabrez ansari death
880,asian news intern publish wrong inform tweet claim intern player join bjp
881,boom talk akhtar told never made statement
882,boom found moitra given appropri credit idea involv speech poster us holocost memori
883,nativ compani facebook said due technic fault applic face problem time
884,advoc prashant patel umrao tweet clip caption scare peac public form
885,boom discov rever imag search actual pictur taken press trust india ralli lok sabha elect
886,polic told boom step taken famili love affair matter polit pul
887,boom found footag rs tv found amit shah sleep screenshot taken shah took eyelid
888,video fight cow smuggler group haryana viral social media mislead claim
889,post viral year claim child seen video son martyr armi memori father
890,narendra modi lok sabha elect real pictur mother happi happi
891,pictur elderli woman cm kamal nath madhya pradesh go viral agricultur loan waiver adverti
892,gujarat polic told boom victim polic inform kill surat
893,last year video funer tabrez alam bihar go viral wrong claim
894,photo two year old screen documentari made bbc bangladesh photo relat photo
895,boom found pictur pregnant woman photoshop stori catherin bridg imaginari
896,viral post edit pictur attempt made show children taught islam taught hinduism
897,messag go viral social media claim group twenti peopl arm weapon malad dahisar
898,video shot malaysia seven month old share mani time
899,punjab polic talk boom confirm male cow protector assault incid anim trader
900,boom found fake video geologist portray destruct natur underwat volcan erupt
901,claim viral photo bridg inaugur narendra modi three month ago
902,origin video sri lankan children thank armi personnel easter blast countri
903,boom found pictur old object melt due weather kuwait
904,two main accu cruel attack woman brother congress councilor viral post modi
905,boom found pictur ia offic jagdish sonkar later apolog act
906,written banner origin pictur want real photo protest kashmir august
907,azad deni news pinch offici twitter handl
908,video incid brajili teenag stab death rival gang member
909,video go viral four year old shot adelaid australia manchest june
910,viral post facebook twitter promot claim paribah victim assault june coma
911,photo citi bangkok thailand share shiva templ bali indonesia
912,kishwar becam target post wrong inform social media
913,viral video make loud viral video facebook share three thousand time
914,newspap clip claim meme manufactur kolkata made news ex girlfriend hou
915,boom found hamdard compani produc spiritu afza go way discrimin basi religion
916,viral post claim armi dog attack stone kashmir origin video morocco
917,boom found video children go madrasa pune provid proper ident document kolkata
918,post share fake facebook page call nirmala sitharaman claim sitharaman sacrif dhoni
919,post go viral facebook narendra modi name ad fake statement
920,post use pictur woman kerala claim raja singh sister convert islam
921,mani interview anju ghosh said born faridpur bangladesh countri motherland
922,pictur incid mental derang woman beaten mob suspicion kidnap child
923,real video hyderabad share social media fal claim
924,photo perform smuggl children arrest
925,viral statement facebook claim sitharaman call kejriw deci stupid
926,video farooq abdullah speak prayer meet organ mourn death atal bihari vajpay
927,sinc rmvm school gujarat target internet tarnish reput among parent
928,construct first hindu templ abu dhabi continu reject claim
929,offer spread viral messag whatsapp
930,woman seen pictur asia ramadan differ kill islam state milit asia pije
931,abp news anchor rubika liaquat deni statement offici twitter handl call fake
932,peopl seen video famili peopl hurt ntpi boiler blast held rai bareilli year
933,person bahruupia local polit leader delhi
934,viral post wrongli claim child seen clip student school valsad gujarat
935,jnu student najeeb ahm went miss octob e year pictur publish
936,viral post fal claim gujarati man dollar shower video road canada
937,elect commiss websit confirm number vote shown viral post upload websit eci
938,gujarat polic told boom video incid two group clash polic lathi charg
939,viral post claim video jodhpur rajasthan congress power doda jammu
940,viral post claim anna hazar ask kejriw slap video
941,mani fact check written fake photo hardli anyon given verifi detail actual photo
942,video person prai prime minist narendra modi member polit parti privat
943,boom found video shot day madhya pradesh assembl elect novemb
944,note use game made viral tell indian note publish pakistan
945,video went viral wide report news institut boy video
946,bollywood lyricist jave akhtar call fake quot fake baseless nonsen
947,ysrcp spokesperson deni claim said jagan true believ jesu respect religion
948,boom found claim fal audio incid may put viral video
949,video support bjp candid file nomin anantnag jammu kashmir
950,boom found pictur protest jamshedpur india bandh second clash lucknow
951,aaj tak ad news channel templat
952,belgaum polic told boom teenag child commit suicid fight father polic commit two peopl
953,fake vote name film actor becom quit viral social media
954,govern india spokesperson deni claim
955,video indian union muslim leagu flag flag pakistan went viral
956,fake statement call evil prime minist narendra modi peopl vote call fool
957,billboard congratul akhilesh yadav becom prime minist fake origin billboard wish yadav new year
958,video peopl celebr watch footbal match tele screen two year old india
959,viral post claim manmohan singh touch sonia gandhi feet although person seen wear turban pictur
960,day final phase vote pictur laddu prepar social media claim
961,boom found quot spread name wing command abhinandan fake
962,mani post social media prime minist statu deenday upadhyay pictur vidisavarkar
963,boom found origin cartoon welcom priyanka gandhi vadra enter polit
964,viral post claim subhash chandra bose first origin
965,fake clip newspap inspir facebook post viral claim prime minist
966,birthday boy video give birthday bump friend go viral video
967,boom found pictur first use articl samvadaorg
968,photo avail variou sinhal websit sinc
969,caption suggest bjp candid face public anger factcheck show rajasthan
970,boom broke video frame found origin islampur west bengal tmc parti
971,viral post claim pragya thakur said parrikar die befit goa
972,viral post fal claim kanhaiya appeal voter vote tanveer hasan rjd
973,viral pictur mislead post porn star azam khan two son daughter
974,claim wikileak reveal rahul gandhi marri colombian woman
975,wherea viral post claim woman seen pictur differ congress leader boom
976,incid took place ajnala punjab two year ago peopl shiromani akali dal allegedli took motorcycl congress
977,year old video actual bharti expel bharatiya janata parti
978,viral pictur nicknam congress parti chief tamper help photoshop
979,viral post use two differ pictur claim congress slap hardik patel
980,viral video sidhu seen proclaim allah hu akbar stage although part sidhu
981,origin prank son tell father girlfriend pregnant edit video
982,viral post claim woman seen video woman stand kanhaiya kumar ralli one gurmehar kaur
983,video modi amit shah run behind vajpay mean made viral claim call form
984,pictur probabl year person caught person tri throw cow meat templ premi
985,video made viral song written support bharatiya janata parti connect separ jammu kashmir
986,although photo edit bad way fake twitter user alleg
987,viral tweet privat secretari madhya pradesh chief minist kamal nath point raid incom tax depart kill
988,instal made viral say show bundl burnt note note kill hou congress leader
989,boom search rever imag pictur use collag found pictur bjp govern may
990,boom found pictur combin two differ imag photoshop troll patra
991,video ashutosh shown take sarcasm aam aadmi parti although part origin video cut
992,viral video claim chief minist mamata banerj made vand mataram minist mla meet
993,viral pictur gandhi seen wear crucifix real pictur wear white pendant
994,viral post facebook claim actress hindi film recent enter polit
995,video becom increasingli viral social media claim journalist abhisar sharma
996,bjp mp target viral news clip
997,video clip cricket match echo slogan chowkidar chor hai social media get viral
998,post target bjp congress social media viral wrong context
999,post go viral claim australian name appl busi impress modi modi appl
1000,viral post claim polic demand fierc pole youth demand job
1001,sonia gandhi former presid maldiv viral wrong context
1002,appear prime minist modi attack post like ratan tata offici twitter handl
1003,actress nusrat jahan photoshop photo becom increasingli viral social media pictur face nusrat jahan ka hai
1004,two year old video clip congress leader alpesh thakor shout stage rahul gandhi crowd come crowd
1005,boom contact hul spoke tri find truth variou claim target brand
1006,viral post claim joint nation china said masood azhar sit indian govern
1007,statement made parti meghalaya alexan beef cow meat made viral wrong context
1008,viral photo claim wing command abhinandan wife met prime minist narendra modi
1009,video aircraft accid afghanistan go viral video claim video ethiopia plane crash
1010,special quot boom raghuram rajan run name relat punjab nation bank scam social media
1011,pictur campaign american univ social media model wrong context
1012,februari pakistan captur wing command indian air forc imprison iaf sinc day
1013,poster aam aadmi parti vulner aam aadmi parti bjp mla vijend gupta offici twitter handl
1014,post go viral claim govern india kashmir na dhana song film relea
1015,real pictur patra seen stick bjp sticker
1016,viral pictur claim tomb kill indian air forc attack jaish e muhammad terrorist
1017,republ tv strateg affair consult editor meeser gaurav arya retir said twitter screenshot fake
1018,viral post claim person seen burk sanghi tri discredit muslim commun
1019,clip share avi dandiya bjp chief amit shah allegedli home minist rajnath singh unknown woman
1020,post went viral last twenti four hour claim worthman senior join congress
1021,post claim first time india broadcast fake news big media hou
1022,see imran khan tv pictur old woman shed tear share claim indian air forc
1023,post went viral social media claim wing command abhinandan worthman danc pakistan soldier
1024,video claim bhagwat compar indian armi rss
1025,articl satyar websit viral wrong context facebook
1026,viral post claim soldier celebr airstrik balakot
1027,satir subject pakistani armi drop aircraft news report
1028,viral post social media claim pakistan attack india balakot air strike
1029,viral video simul real strike footag
1030,six year old video made viral claim modi call martyr widow express condol
1031,dinakaran crpf dig intellig clearli refu receiv news famili slain soldier
1032,video year yogi adityanath funer former chief minist uttarakhand nd tiwari
1033,fake pictur viral claim social media modi met hafiz saeed pakistan
1034,news paper clip regard independ kashmir social media go viral name delhi chief minist
1035,pictur tawang helicopt crash spread recent attack crpf convoy pulwama
1036,four year old pictur rahul gandhi sister amethi mir shah seen ziyarat dargah
1037,video connect pulwama tragedi take statement bhushan statement given kashmir issu
1038,priyanka gandhi vadra crop video share twitter claim crpf jawan pulwama
1039,video mock drill went viral murder attack crpf personnel jammu kashmir thursday
1040,within hour pulwama attack old video done wrong context
1041,polic arrest four peopl vandal unesco world heritag site
1042,viral video describ cctv footag terrorist attack pulwama
1043,viral post claim pulwama attack turn close congress
1044,post viral social media took seriou uri declar tax free pakistan
1045,kejriw seen wear strang shirt pictur
1046,pictur tea person wrong caption social media done viral call yogi adityanath brother
1047,statement made modi social media viral pictur actress priyanka chopra
1048,three year old video indor patna express derail get video viral bihar train accid
1049,post viral claim gandhi sarcast kumbh mela tweet tweet fake twitter
1050,gandhi famili target tweet
1051,hindu mahasabha member pooja came discuss shoot effigi mahatma gandhi recent
1052,news sehwag join bjp upcom lok sabha elect social media
1053,modiji speak truth pictur done social media caption borrow time
1054,pictur thirti year old social media done viral conspiraci
1055,edit video includ unrel clip variou interview delhi chief minist arvind kejriw
1056,edit video claim child made fun rahul gandhi take name prime minist modi
1057,shankhanad claim post aam aadmi parti start corrupt fight congress end
1058,prabha report viral social media bjp ticket andhra pradesh bjp ticket
1059,conclu survey post went viral tell rahul gandhi ahead modi pm race
1060,prime minist regain subject parti presid amit shah call jumla interview
1061,week news almost belov introduc truth behind viral pictur video
1062,news clip get viral facebook facebook rajiv gandhi father son relationship
1063,post viral social media claim kareena contest bhopal
1064,one statement made viral link modi social media news channel aaj tak templat pictur caption
1065,old pictur modi mislead social media tell pictur half kumbh combin
1066,pictur rahul gandhi get viral stuf toy social media
1067,azam khan two year old video done viral social media
1068,pictur go viral claim rahul gandhi breakfast dubai former isi director gener
1069,male actor appear video soldier product film subedar jogind singh
1070,rahul gandhi visit unit arab emir spread wrong news social media context air traffic
1071,person seen pictur almost four year old tie bag hashish bomb
1072,differ pictur rahul gandhi visit dubai get viral wrong context
1073,tajind bagga wear shirt call prime minist thief
1074,video tamper show delhi chief minist arvind kejriw drunk
1075,four year old video maneka gandhi question sonia gandhi becam sixth richest woman world
1076,uniform women appear pictur similar uniform worn kurdish peshmarga femal fighter
1077,video injur cow social media done viral wrong context
1078,local polic confirm boom fir lodg four hindu commun angl incid
1079,american surfer video done viral social media tell indian soldier
1080,post spread video claim jasodaben appeal peopl vote narendra modi
1081,video year manmohan singh describ prime minist post
1082,video kapil sibal done wrong context social media
1083,video clip mislead social media
1084,video social media indonesian thief done wrong context call pakistani pakistani
1085,video mourn martyr wife social media done viral wrong caption
1086,viral post social media claim farmer demand urea lathi charg madhya pradesh
1087,viral post sarcast said woman ask prime minist jasodaben get justic
1088,viral facebook post claim femal offic daughter defen minist
1089,morifi photo social media internet viral
1090,social media prime minist modi bogibeel bridg wave hand see train coach bogibebil bridg
1091,fake news expul patra sambit social media get viral indiscrimin
1092,adverti articl skin cream brand ovela claim gauri khan establish brand due shahrukh khan
1093,pictur went viral actual tibet tibetan funer action
1094,realli ate tajind bagga sit hunger strike kamal nath appoint chief minist madhya pradesh
1095,social media pray rahul gandhi dargah associ hindu religion link viral
1096,time congress presid heard say loan farmer forgiven habit farmer spoil
1097,post viral person soot narendra modi poster sachin pilot maharashtra youth congress presid satyajit
1098,incid gujarat done viral give name riot rajasthan
1099,indian union muslim leagu flag done call pakistani flag viral
1100,result assembl elect three year old letter written narendra modi spread rapidli
1101,pictur use post actual taken citi karachi pakistan
1102,former rbi governor urjit patel made viral social media context wrong comment prime minist
1103,pin prevent stolen press cancel button twice atm
1104,ayyakanu lead farmer social media associ congress viral
1105,first tweet account made name pakistan prime minist tweet retweet time
1106,screenshot tweet made bjp spokesperson offici twitter handl went viral social media fake
1107,pictur former rajasthan chief minist ashok gehlot get viral social media wrong context
1108,pictur social media describ prime minist narendra modi initi build road far flung area
1109,congress leader beaten social media done viral call bjp bjp
1110,video went viral wrong refer gehlot actual flag process occa milad un nabi
1111,milad un prophet festiv done wrong context connect pakistani flag
1112,pictur maratha movement facebook twitter told ayodhya ayodhya
1113,pictur edit protest odisha claim women sabarimala
1114,pictur went viral commun color social media actual conver imagin digit artist
1115,old pictur taken differ women includ sister niec done viral wrong context
1116,pictur actual peopl kill blast eastern democrat republ congo
1117,post went viral social media actual fake pictur eight year old bharatiya janata parti karnataka
1118,janam tv claim rajiv kuttitur pune sourc behind news rajiv kuttur bjp member
1119,meena pictur associ maha kumbh mecca citi
1120,yogi adityanath present kumbh logo photoshop photograph viral
1121,kamal nath pictur former japan foreign minist viral social media
1122,former aam aadmi parti member share video tweet accu kejriw
1123,video actual relat disturb eviam uttar pradesh civic elect
1124,old video beaten forest offic viral time bjp leader
1125,post share social media voiceov present pictur link incid rape
1126,fan parodi account believ indian captain virat kohli would support foreign brand
1127,rti repli support journalist abhijeet majumdar claim air india ak antoni eight paint
1128,speech clip get viral social media wrong context
1129,manifesto congress said ban impo branch rss govern premi
1130,quot throw go viral background abp news
1131,video share four lakh time claim modi win elect pakistan
1132,sanskrit ver combin islam data viral
1133,clip rahul gandhi statement morph video kaun banega crorepati
1134,pictur akhilesh yadav reign viral social media describ pictur year
1135,pictur march peopl seen hit slipper poster lord ram
1136,nehru viral pictur pet dog year second pictur london olymp
1137,video year littl girl actual recit part ramayana stage
1138,know sardar patel statu uniti bollywood actor shah rukh khan congress presid rahul gandhi mp last week
1139,person seen video almost year old describ kashmiri terrorist actual muzaffarpur bihar
1140,rbi spokesperson said quot noth governor urjit patel
1141,viral post claim polic uniform cpm worker polic uniform kerala polic told boom
1142,fake post went viral show widespread inequ made show statu uniti background poor famili
1143,video street play base murder senior karnataka journalist gauri lankesh becom social
1144,video clip speech given madhya pradesh octob rahul gandhi sankalp yatra
1145,pictur teacher bangladeshi madrasa accu rape ad pictur grenad assam
1146,remov viral fake post narendra modi shivl associ wrong manner shivl hit slipper
1147,law minist ravi shankar prasad ask rahul gandhi repli critic shivl
1148,even fake tweet modi becom prime minist leav countri also name shahrukh
1149,bizarr stori indian pretend foreign get social media like india
1150,muslim shown post babri masjid pakistan
1151,nation presid ambedkarit parti india comment bhagwad geeta viral video
1152,photo silicon doll viral social media mani time
1153,kyrgyzstan milan two factor expo viral video name fake beef
1154,video jk polic offici seen snatch ak jawan
1155,congress facebook page disabl sponsor adverti pakistan twitter user expo
1156,support rahul model tanisha singh semi photoshoot gener elect
1157,pictur blood stain shoe taken israel pilistin conflict done kashmir viral pictur
1158,prime minist modi madam tusod wax museum measur pictur statu fal statement
1159,congress presid speech raipur clip went viral
1160,effort give commun angl accid fake news recent viral
1161,origin pictur modi seen sit next gurdeep singh chawla visit offici interpret visit canada
1162,known religi inclin former congress former father artist play role ram occa dussehra
1163,video suicid made viral tell decea train driver train accid amritsar octob
1164,put cut head child plate process actual part feat
1165,viral pictur dead bodi fill suitca actual relat murder navi mumbai
1166,post made viral connect senior journalist ravish kumar cost human life utterli wrong
1167,akshay pictur swachh bharat abhiyan organ uttar pradesh becom viral messag join bjp
1168,bill made edit sampl bill use trader handhald bill machin
1169,pictur year manag director abu dhabi invest author yui hh sheikh hame bin
1170,apart congress time india nation herald news websit interview marathi channel gadkari
1171,post viral claim attack made muslim youth claim complet wrong
1172,pictur taken dessert shop bikan actual morphg
1173,although aishwarya rai bachchan given similar comment past special screenshot account
1174,pictur tej pratap son lalu prasad yadav receiv doctor degr taxila univ
1175,pictur gone viral juli name bihar decay road although bihar even
1176,word shudra ad pictur went viral
1177,strang claim share adverti real video simultan
1178,fake poster becom increasingli viral facebook call narendra modi thief
1179,senior journalist ravish refu say bjp posit like straw thief beard
1180,incid sinc april attack found guilti attempt murder
1181,describ old pictur old pictur near old delhi constitu vidisha extern affair minist sushma swaraj
1182,pictur made viral shakti ralli haryana year
1183,context meetu campaign bjp mp said women prose alleg exchang habitu lakh rupe
1184,post went viral bjp mp poonam mahajan describ kalpana tiwari
1185,truth behind photo made viral women activist ekta parishad get hand rahul gandhi stage
1186,truth viral pictur take hiraben hospit
1187,howev asaduddin owaisi critic deci exil rohingya
1188,facebook post without evid viral
1189,viral video share mani peopl includ actor paresh rawal ram setu bridg
1190,viral pictur true caption spread wrong
1191,local polic told boom violent murder hyderabad commit vengeanc
1192,odisha petrol pump attack due rise fuel price
1193,digvijay singh congress facebook page ravish kumar tell lack ambul uttar pradesh
1194,post recent went viral bjp local bodi elect candid mohammad farooq khan terrorist
1195,activist kavita krishnan facebook page barkha dutt protest farmer delhi
1196,photo viral avinash da twitter account
1197,stunt perform fighter jet actual remot control turbin jet f
1198,recent karnataka case one person behead anoth person come light
1199,photo real attempt made defam person stand photo name someon el
1200,share post turn headlin news report publish juli year
1201,sabarimala verdict video activist trupti desai share illu caption social media
1202,post share two day gandhi jayanti turn repli rti appeal file present
1203,least ten news site quot screenwrit pirat caribbean stori jacksparrowiskrishna
1204,commun color given india pakistan pakistan
1205,launch ayushman bharat scheme women hold poster modi chor
1206,coca cola founder john pembberton neither sold shikanji invent end us entrepreneur
1207,atmosph creat spread pictur hospit hospit peopl introduc lie
1208,pakistani journalist hamid mir share video accu indian armi tortur kashmir
1209,indian express incorrectli present amit shah quotat said crore intrud enter india
1210,tweet tajind bagga wear yellow shirt clearli seen prime minist chor promot coat
1211,bihar terribl video mob get woman nake parad spread fake claim
1212,divya speak part modi particip extern examin get ba degr
1213,video dragonari go viral social media video airplan goe round due stormi wind
1214,former member infosi board mohanda pai tweet articl fake news site bbc anti site site
1215,soldier priyanka chaturvedi realli plead hang troop
1216,current situat mani role unpaid bill oil bond investig boom
1217,prime minist narendra modi saturday inform facebook fan page dedic former prime minist manmohan singh
1218,although actor claim shoot video republ tv time india claim
1219,muslim clerk share fiction sholay e al jazeera screenshot stori behind viral tweet
1220,local indian newspap follow due implicit report suicid india
1221,kbc start th season soni channel
1222,boom verifi video woman district collector kodagu poonam madam gujarat
1223,sitharaman tweet republ parodi handl name nirmala sitharaman told tweet fake
1224,video primari class children school uniform seen go viral video go viral
1225,gotman pictur competit misu peopl
1226,hindi websit told news ian told ganga threaten river wwf india said report relea
1227,mumbai congress chief sanjay nirupam tweet photoshop pictur prime minist narendra modi septemb
1228,bhima armi post view one lakh time share time facebook due graphic materi
1229,right wing support alleg rahul gandhi taken pictur mansarovar googl bought concret evid
1230,video attack hindu templ becom increasingli viral claim attack done muslim boom investig
1231,video polic beat crimin among public gujarat
1232,news death anim due flood kaziranga noshan park assam report sinc
1233,talk boom assam adgp harmeet singh said indian armi inform state polic adverti
1234,pictur woman get nake publik fake stori viral
1235,man went hajj mecca pope benedict xvi
1236,photo popular malayalam tv show parasaparam go viral claim isi ip offic kerala
1237,video spread rapidli claim naga sadhu beaten muslim dehradun polic
1238,fast spread messag whatsapp bank close six day begin month
1239,fal news spread pictur woman passeng injur train accid
1240,twitter handl warrenbuffet waran buffett
1241,boom spoke air india offici told letter fake attempt harm air line
1242,ground report boom verifi viral video reveal long queue liquor
1243,conver indian express uae ambassador ahm albanna said offici announc special amount far
1244,person fell unconsci stage secur guard senior polic offic director gener polic amitabh
1245,video wrestl match indian wrestler kavita devi bull bull viral rss vs pakistan claim
1246,talk boom sbi offici said atm brown label machin maintain mainten
1247,bjp mp paresh rawal live reput spread fake news actor given rahul gandhi
1248,fake news websit suddenli activ month may close one pay guest
1249,accord swachh bharat mission offici eight half lakh toilet built prepar week march
